"","YEAR","SEASON","BOX","ELEVATION","NEST.TYPE","NEST.ID","M.RFID","M.ID","M.TOIC","F.RFID","F.ID","F.TOIC","FIRST.EGG","J.FIRST.EGG","CLUTCH","BROOD","MEANMASS","CV","NOTES"
"1",2013,"12_13","hb1","H","INITIAL","N_18","",NA,"","",NA,"","6/6/2013",157,7,5,12.53,0.066642459,""
"2",2013,"12_13","hb10","H","INITIAL","N_19","",NA,"","",NA,"","5/26/2013",146,6,2,11.75,0.013239446,"1 egg destroyed by technician"
"3",2013,"12_13","hb11","H","INITIAL","N_20","",NA,"","",NA,"","5/30/2013",150,8,7,13.03,0.033590921,"incubation started during laying"
"4",2013,"12_13","hb13","H","INITIAL","N_21","",NA,"","",NA,"","5/28/2013",148,8,NA,NA,NA,"Chicks died before fledging"
"5",2013,"12_13","hb14","H","INITIAL","N_22","",NA,"","",NA,"","6/13/2013",164,6,NA,NA,NA,"Abandoned/Predated during incubation"
"6",2013,"12_13","hb17","H","INITIAL","N_23","",NA,"","",NA,"","5/29/2013",149,6,NA,NA,NA,"A queen bee scared off our adult bird"
"7",2013,"12_13","hb18","H","INITIAL","N_24","",NA,"","",NA,"","5/30/2013",150,9,9,12.14,0.056490975,"incubation started during laying"
"8",2013,"12_13","hb21","H","INITIAL","N_25","",NA,"","",NA,"","5/26/2013",146,10,9,12.55,0.050368855,"1 tiny chick died when measuring nestlings"
"9",2013,"12_13","hb22B","H","INITIAL","N_26","",NA,"","",NA,"","5/31/2013",151,6,6,12.77,0.057865716,""
"10",2013,"12_13","hb25","H","INITIAL","N_27","",NA,"","",NA,"","5/28/2013",148,8,8,12.62,0.041524629,"incubation started during laying"
"11",2013,"12_13","hb27","H","INITIAL","N_28","",NA,"","",NA,"","6/3/2013",154,9,4,12.22,0.055546726,""
"12",2013,"12_13","hb28","H","INITIAL","N_29","",NA,"","",NA,"","6/4/2013",155,8,8,13.3,0.033768319,""
"13",2013,"12_13","hb29","H","INITIAL","N_30","",NA,"","",NA,"","6/3/2013",154,8,NA,NA,NA,"Chicks died before fledging"
"14",2013,"12_13","hb33","H","INITIAL","N_31","",NA,"","",NA,"","5/29/2013",149,7,NA,NA,NA,"Chicks died before fledging"
"15",2013,"12_13","hb34","H","INITIAL","N_32","",NA,"","",NA,"","5/29/2013",149,8,2,12.43,0.13425358,"Only 2 chicks fledged box smelled of rot"
"16",2013,"12_13","hb36","H","INITIAL","N_33","",NA,"","",NA,"","5/28/2013",148,7,NA,NA,NA,"Chicks died before fledging"
"17",2013,"12_13","hb4","H","INITIAL","N_34","",NA,"","",NA,"","6/4/2013",155,8,5,13.36,0.026632406,""
"18",2013,"12_13","hb41","H","INITIAL","N_35","",NA,"","",NA,"","6/1/2013",185,8,NA,NA,NA,"chicks died before fledging"
"19",2013,"12_13","hb44","H","INITIAL","N_36","",NA,"","",NA,"","5/30/2013",150,8,8,12.94,0.038930426,""
"20",2013,"12_13","hb5","H","INITIAL","N_37","",NA,"","",NA,"","6/5/2013",156,7,NA,NA,NA,"Abandoned - 5 eggs buried under nest cup"
"21",2013,"12_13","hb6","H","INITIAL","N_38","",NA,"","",NA,"","5/28/2013",148,8,8,12.21,0.042669825,""
"22",2014,"13_14","1","H","INITIAL","N_57","",NA,"","",NA,"","5/29/2014",149,6,5,12.6,0.019464847,""
"23",2014,"13_14","1-1","H","INITIAL","N_58","",NA,"","",NA,"","6/1/2014",152,6,2,12.64,0.035802848,""
"24",2014,"13_14","12","H","INITIAL","N_60","",NA,"","",NA,"","6/1/2014",152,7,NA,NA,NA,"Predated; Chipmunk attacked Carrie"
"25",2014,"13_14","12_2","H","INITIAL","N_61","",NA,"","",NA,"","6/3/2014",154,NA,NA,NA,NA,"eggs predated"
"26",2014,"13_14","13","H","INITIAL","N_63","",NA,"","",NA,"","5/28/2014",148,NA,NA,NA,NA,"eggs predated"
"27",2014,"13_14","14","H","INITIAL","N_66","",NA,"","",NA,"","5/26/2014",146,NA,NA,NA,NA,"eggs predated"
"28",2014,"13_14","16A","H","INITIAL","N_69","",NA,"","",NA,"","5/25/2014",145,8,8,13.85,0.02850915,""
"29",2014,"13_14","17","H","INITIAL","N_70","",NA,"","",NA,"","6/9/2014",160,7,7,12.79,0.04153817,""
"30",2014,"13_14","18","H","INITIAL","N_71","",NA,"","",NA,"","6/5/2014",156,6,4,13.32,0.023138375,""
"31",2014,"13_14","18_1","H","INITIAL","N_72","",NA,"","",NA,"","6/1/2014",152,NA,NA,NA,NA,"eggs predated"
"32",2014,"13_14","19A","H","INITIAL","N_73","",NA,"","",NA,"","5/27/2014",147,6,4,12.33,0.050375345,""
"33",2014,"13_14","21","H","INITIAL","N_75","",NA,"","",NA,"","5/27/2014",147,9,6,12.83,0.046562428,""
"34",2014,"13_14","22","H","INITIAL","N_76","",NA,"","",NA,"","6/5/2014",156,5,3,14.17,0.071735224,""
"35",2014,"13_14","22B","H","INITIAL","N_77","",NA,"","",NA,"","5/29/2014",149,8,7,13.73,0.040341952,""
"36",2014,"13_14","24","H","INITIAL","N_80","",NA,"","",NA,"","5/29/2014",149,7,7,13.35,0.043475906,""
"37",2014,"13_14","25","H","INITIAL","N_81","",NA,"","",NA,"","6/2/2014",153,7,7,13.01,0.06101691,""
"38",2014,"13_14","27","H","INITIAL","N_83","",NA,"","",NA,"","6/13/2014",164,NA,NA,NA,NA,"egg predated"
"39",2014,"13_14","28","H","INITIAL","N_86","",NA,"","",NA,"","5/29/2014",149,NA,NA,NA,NA,"egg predated"
"40",2014,"13_14","29","H","INITIAL","N_88","",NA,"","",NA,"","5/29/2014",149,7,4,12.83,0.04708901,""
"41",2014,"13_14","29-1","H","INITIAL","N_89","",NA,"","",NA,"","5/31/2014",151,6,5,13.62,0.068416605,""
"42",2014,"13_14","33","H","INITIAL","N_93","",NA,"","",NA,"","6/2/2014",153,4,3,13.17,0.027701537,""
"43",2014,"13_14","33-5","H","INITIAL","N_94","",NA,"","",NA,"","6/9/2014",160,6,5,13.4,0.049353626,""
"44",2014,"13_14","34","H","INITIAL","N_96","",NA,"","",NA,"","6/3/2014",154,6,4,12.99,0.030962094,"2 eggs were crushed"
"45",2014,"13_14","36","H","INITIAL","N_97","",NA,"","",NA,"","5/28/2014",148,6,4,13.75,0.031617527,""
"46",2014,"13_14","4","H","INITIAL","N_99","",NA,"","",NA,"","5/29/2014",149,8,7,13.28,0.071125656,""
"47",2014,"13_14","4-1","H","INITIAL","N_100","",NA,"","",NA,"","6/2/2014",153,6,6,12.62,0.04159271,""
"48",2014,"13_14","40","H","INITIAL","N_102","",NA,"","",NA,"","6/3/2014",154,NA,NA,NA,NA,"eggs predated"
"49",2014,"13_14","41","H","INITIAL","N_104","",NA,"","",NA,"","6/14/2014",165,2,2,13.01,0.015767859,"Renest??"
"50",2014,"13_14","44","H","INITIAL","N_109","",NA,"","",NA,"","5/27/2014",147,8,8,12.91,0.060495304,""
"51",2014,"13_14","5","H","INITIAL","N_112","",NA,"","",NA,"","6/4/2014",155,6,5,13.08,0.029404449,""
"52",2014,"13_14","5A","H","INITIAL","N_117","",NA,"","",NA,"","5/28/2014",148,7,6,12.97,0.045457411,""
"53",2014,"13_14","6","H","INITIAL","N_119","",NA,"","",NA,"","5/26/2014",146,7,7,14.26,0.038183296,""
"54",2014,"13_14","7","H","INITIAL","N_125","",NA,"","",NA,"","5/27/2014",147,8,8,13.25,0.053915698,""
"55",2014,"13_14","7A","H","INITIAL","N_131","",NA,"","",NA,"","5/31/2014",151,6,4,12.12,0.085243482,""
"56",2015,"14_15","1","H","INITIAL","N_155","0300019589","B_84","11/5/2014","0700EDF8A1","B_244","6/24/2015","5/25/2015",145,6,6,11.15833333,0.064965929,""
"57",2015,"14_15","10A","H","INITIAL","N_158","0700EDAEC2","B_296","7/4/2015","0700EE3490","B_297","7/4/2015","6/5/2015",156,5,5,11.964,0.060188087,""
"58",2015,"14_15","11","H","INITIAL","N_159","","","","","","","6/3/2015",154,NA,NA,NA,NA,"ABANDONED"
"59",2015,"14_15","12A","H","INITIAL","N_160","030001EA7A","B_251","6/26/2015","0700EE3BE9","B_252","6/26/2015","5/28/2015",148,8,8,13.34714286,0.029657394,""
"60",2015,"14_15","13","H","INITIAL","N_161","0700EDFFE1","B_187","1/1/2015","030002434A","B_240","6/24/2015","5/24/2015",144,8,7,13.17142857,0.026714835,""
"61",2015,"14_15","13A","H","INITIAL","N_163","","","","","","","5/26/2015",146,NA,NA,NA,NA,"PREDATED"
"62",2015,"14_15","14","H","INITIAL","N_165","0700EE3582","B_250","6/26/2015","0300034DB4","B_249","6/26/2015","5/30/2015",150,7,7,12.44857143,0.038635071,""
"63",2015,"14_15","15A","H","INITIAL","N_167","","","","","","","5/31/2015",151,NA,NA,NA,NA,"PREDATED"
"64",2015,"14_15","16A","H","INITIAL","N_169","","","","","","","6/1/2015",152,NA,NA,NA,NA,"ABANDONED"
"65",2015,"14_15","17_1","H","INITIAL","N_170","","","","","","","5/22/2015",142,5,NA,NA,NA,"PREDATED"
"66",2015,"14_15","17-2","H","INITIAL","N_171","","","","030002A9C9","B_262","6/29/2015","5/29/2015",149,7,6,12.03166667,0.046145616,""
"67",2015,"14_15","17-3","H","INITIAL","N_172","","","","0300023A64","B_263","6/29/2015","5/29/2015",149,7,6,12.43,0.069970683,""
"68",2015,"14_15","18-2","H","INITIAL","N_173","0700ED9F8E","B_15","8/29/2014","0700EE03DE","B_256","6/28/2015","5/30/2015",150,7,6,12.725,0.070276233,""
"69",2015,"14_15","19A","H","INITIAL","N_175","0700EE2818","B_298","7/4/2015","0700EDF133","B_302","7/5/2015","6/4/2015",155,6,6,11.35666667,0.090678812,""
"70",2015,"14_15","21","H","INITIAL","N_177","030002A7B9","B_290","7/2/2015","","","","5/26/2015",146,9,8,12.4675,0.055988205,""
"71",2015,"14_15","22","H","INITIAL","N_178","030001DB5E","B_268","6/30/2015","030001A0E8","B_279","7/1/2015","6/1/2015",152,7,7,13.15142857,0.050756349,""
"72",2015,"14_15","22-1","H","INITIAL","N_179","0700EDF64A","B_17","8/29/2014","0300023011","B_255","6/26/2015","5/27/2015",147,8,8,13.29875,0.040653904,""
"73",2015,"14_15","24","H","INITIAL","N_181","0700EDBD06","B_40","9/5/2014","0700EDF259","B_47","9/5/2014","6/5/2015",156,6,6,13.43,0.045382844,""
"74",2015,"14_15","26","H","INITIAL","N_183","0700EE0514","B_49","9/5/2014","0700EDBA2B","B_155","12/22/2014","6/5/2015",156,5,5,12.516,0.088155117,""
"75",2015,"14_15","27","H","INITIAL","N_185","0700EE0988","B_214","1/9/2015","030001E144","B_261","6/29/2015","5/31/2015",151,6,6,12.42333333,0.052588119,""
"76",2015,"14_15","28","H","INITIAL","N_188","0700ED9AAB","B_41","9/5/2014","0700EE3EF6","B_38","9/5/2014","6/2/2015",153,8,8,13.64125,0.027967905,""
"77",2015,"14_15","29","H","INITIAL","N_190","0700EDC61E","B_192","1/1/2015","0700EDBDD9","B_309","7/8/2015","6/1/2015",152,3,3,12.02,0.083613753,""
"78",2015,"14_15","2A","H","INITIAL","N_191","","","","","","","6/1/2015",152,5,NA,NA,NA,"PREDATED"
"79",2015,"14_15","32","H","INITIAL","N_195","0700EDD584","B_295","7/4/2015","03000223AD","B_288","7/2/2015","6/3/2015",154,5,5,12.902,0.042531702,""
"80",2015,"14_15","33","H","INITIAL","N_196","0700EDE52B","B_305","7/6/2015","0700EE2255","B_303","7/6/2015","6/5/2015",156,7,6,12.285,0.049333419,""
"81",2015,"14_15","33-4","H","INITIAL","N_198","0700EDDE2F","B_243","6/24/2015","0300019F10","B_246","6/24/2015","5/26/2015",146,7,6,12.85333333,0.03280084,""
"82",2015,"14_15","34","H","INITIAL","N_200","030003735A","B_107","11/12/2014","0700EDA11E","B_307","7/7/2015","6/11/2015",162,6,6,12.085,0.034056282,""
"83",2015,"14_15","35","H","INITIAL","N_201","0700ED8E2B","B_304","7/6/2015","","","","6/6/2015",157,5,4,12.6675,0.047537677,""
"84",2015,"14_15","36","H","INITIAL","N_202","0700EDA7DC","B_310","7/13/2015","0700EE0A3B","B_45","9/5/2014","6/14/2015",165,6,5,10.624,0.093172405,""
"85",2015,"14_15","38","H","INITIAL","N_203","030003315D","B_194","1/1/2015","0700EE26F2","B_52","9/12/2014","6/6/2015",157,6,6,11.84166667,0.040022863,""
"86",2015,"14_15","4","H","INITIAL","N_205","0700EE0863","B_146","11/26/2014","0700EDBA30","B_193","1/1/2015","6/1/2015",152,8,7,11.1,0.052918503,""
"87",2015,"14_15","41","H","INITIAL","N_208","0700EE0945","B_275","7/1/2015","","","","6/1/2015",152,7,6,13.41333333,0.024211455,""
"88",2015,"14_15","43-2","H","INITIAL","N_210","0700EDB6EA","B_278","7/1/2015","0700EDF8BA","B_267","6/30/2015","6/1/2015",152,6,6,12.1725,0.046474226,""
"89",2015,"14_15","44","H","INITIAL","N_211","","","","","","","6/2/2015",153,6,NA,NA,NA,"PREDATED"
"90",2015,"14_15","4A","H","INITIAL","N_215","","","","0300026CA0","B_245","6/24/2015","5/25/2015",145,6,6,10.95,0.058786119,""
"91",2015,"14_15","5","H","INITIAL","N_217","030001F885","B_56","9/19/2014","0700EDFED4","B_54","9/19/2014","5/25/2015",145,7,6,12.905,0.043671967,""
"92",2015,"14_15","6","H","INITIAL","N_222","030001D152","B_86","11/5/2014","030003BA94","B_274","7/1/2015","5/29/2015",149,7,6,12.30833333,0.073731449,""
"93",2015,"14_15","7","H","INITIAL","N_229","0700EDFA13","B_242","6/24/2015","0700EE085D","B_241","6/24/2015","5/24/2015",144,8,6,13.6,0.038587182,""
"94",2015,"14_15","8A","H","INITIAL","N_240","0700EE0D2C","B_253","6/26/2015","0700EDB659","B_254","6/26/2015","5/29/2015",149,6,5,12.434,0.05757135,""
"95",2015,"14_15","B11","H","INITIAL","N_243","0300025F50","B_80","11/5/2014","030002F09C","B_228","6/18/2015","5/24/2015",144,6,6,13.535,0.052623345,""
"96",2015,"14_15","B12","H","INITIAL","N_244","030003371B","B_260","6/28/2015","030003384A","B_269","6/30/2015","5/29/2015",149,8,8,12.0825,0.05699461,""
"97",2015,"14_15","B16-1","H","INITIAL","N_245","030002BF3A","B_258","6/28/2015","0300027217","B_257","6/28/2015","5/30/2015",150,7,7,11.92,0.049600808,""
"98",2015,"14_15","B18","H","INITIAL","N_246","0700EDEFA0","B_289","7/2/2015","030001ED44","B_287","7/2/2015","6/3/2015",154,6,6,12.125,0.029730786,""
"99",2015,"14_15","B2","H","INITIAL","N_247","030001CC84","B_21","8/29/2014","0300036594","B_259","6/28/2015","5/30/2015",150,6,6,12.07666667,0.027451428,""
"100",2015,"14_15","B26","H","INITIAL","N_248","","","","0300023498","B_266","6/30/2015","6/5/2015",156,5,NA,NA,NA,"PREDATED"
"101",2015,"14_15","B28","H","INITIAL","N_249","0300022B1E","B_277","7/1/2015","0700EDFF9E","B_276","7/1/2015","6/2/2015",153,6,6,12.515,0.030867199,""
"102",2015,"14_15","B30","H","INITIAL","N_250","0700EE429E","B_230","6/18/2015","03000241BF","B_229","6/18/2015","5/20/2015",140,8,7,12.91857143,0.058766221,""
"103",2015,"14_15","B32","H","INITIAL","N_251","0700ED8DFA","B_265","6/30/2015","0700EE42A0","B_264","6/30/2015","6/1/2015",152,6,3,12.12666667,0.035385454,""
"104",2015,"14_15","B5-1","H","INITIAL","N_252","0700ED87E0","B_195","1/1/2015","030003A2AF","B_239","6/23/2015","5/26/2015",146,5,5,12.374,0.053060193,""
"105",2015,"14_15","STUMP","H","INITIAL","N_261","0700EDC3CB","B_306","7/7/2015","","","","",NA,NA,NA,NA,NA,""
"106",2016,"15_16","1","H","INITIAL","N_262","030001CC84","B_21","8/29/2014","0300036594","B_259","6/28/2015","6/6/2016",158,7,7,12.9328571428571,0.0405032652696044,""
"107",2016,"15_16","1-3","H","INITIAL","N_264","0700ED9667","B_695","7/4/2016","0700EE42EC","B_697","7/4/2016","6/2/2016",154,8,8,13.18625,0.0494143587494028,""
"108",2016,"15_16","14A","H","INITIAL","N_267","0700EDADFA","B_707","7/6/2016","0700EE0C9C","B_708","7/6/2016","6/4/2016",156,9,9,12.2766666666667,0.0455221651667324,""
"109",2016,"15_16","15","H","INITIAL","N_268","0700EDD82A","B_148","11/26/2014","0700EDCD66","B_702","7/5/2016","6/5/2016",157,6,1,13.16,NA,""
"110",2016,"15_16","17-1","H","INITIAL","N_271","0700EE0329","B_706","7/6/2016","0300034DB4","B_249","6/26/2015","6/5/2016",157,7,6,12.2816666666667,0.0375264073532862,""
"111",2016,"15_16","17-2","H","INITIAL","N_272","0700EDDE2F","B_243","6/24/2015","0300019F10","B_246","6/24/2015","6/5/2016",157,NA,NA,NA,NA,"DEPREDATED BEFORE CLUTCH COMPLETE."
"112",2016,"15_16","18-3","H","INITIAL","N_274","0700EDA565","B_156","12/22/2014","0700EDF35F","B_154","12/22/2014","6/3/2016",155,8,7,12.6485714285714,0.0812443968835772,""
"113",2016,"15_16","21","H","INITIAL","N_277","0700EDF64A","B_17","8/29/2014","0700EDFC8B","B_699","7/5/2016","6/3/2016",155,8,7,11.8828571428571,0.0504009876377352,""
"114",2016,"15_16","21A","H","INITIAL","N_278","UNBANDED","","","UNBANDED","","","6/6/2016",158,NA,NA,NA,NA,"ABANDONED BEFORE CLUTCH COMPLETE."
"115",2016,"15_16","22-1","H","INITIAL","N_279","011017A7DF","B_192","1/1/2015","0700EE3311","B_698","7/5/2016","6/5/2016",157,8,7,13.1,0.0739329167589563,""
"116",2016,"15_16","26","H","INITIAL","N_282","UNBANDED","","","0700EE40D6","B_153","12/22/2014","6/6/2016",158,6,NA,NA,NA,"ABANDONED AFTER INC DATE."
"117",2016,"15_16","28-1","H","INITIAL","N_286","0700EE2E34","B_701","7/5/2016","0700EE2E31","B_703","7/5/2016","6/5/2016",157,7,5,13.416,0.0487457123199954,""
"118",2016,"15_16","29-1","H","INITIAL","N_287","0700EDC401","B_19","8/29/2014","030001E59A","B_225","3/21/2015","6/5/2016",157,9,9,13.2888888888889,0.0291917102315402,""
"119",2016,"15_16","33","H","INITIAL","N_293","0700EE20B2","B_250","6/26/2015","0700EE2C5B","B_279","7/1/2015","6/7/2016",159,7,5,13.51,0.0530878492288412,""
"120",2016,"15_16","33-1","H","INITIAL","N_294","0700EE31AE","B_33","9/5/2014","03000223AD","B_288","7/2/2015","6/3/2016",155,6,5,12.72,0.0576022393482067,""
"121",2016,"15_16","34","H","INITIAL","N_295","030003735A","B_107","11/12/2014","0700EDA11E","B_307","7/7/2015","6/5/2016",157,8,8,13.55,0.0396017027487143,""
"122",2016,"15_16","36","H","INITIAL","N_296","0700ED8E2B","B_304","7/6/2015","0700EDB060","B_386","9/7/2015","6/1/2016",153,8,8,12.82625,0.0516556157831271,""
"123",2016,"15_16","4","H","INITIAL","N_299","030002B8FF","B_197","1/1/2015","0700EDF523","B_396","9/7/2015","6/6/2016",158,7,7,11.3671428571429,0.0741424064244523,""
"124",2016,"15_16","41","H","INITIAL","N_302","0700EE1431","B_46","9/5/2014","0700ED918A","B_705","7/6/2016","6/6/2016",158,8,8,13.77125,0.049795135293459,""
"125",2016,"15_16","43-1","H","INITIAL","N_305","0700EDB6EA","B_278","7/1/2015","0700EDA99B","B_704","7/6/2016","6/5/2016",157,8,7,12.6471428571429,0.0396049677235047,""
"126",2016,"15_16","44","H","INITIAL","N_306","0700EDA16F","B_696","7/4/2016","UNBANDED","","","6/3/2016",155,8,7,12.6714285714286,0.0527085731558604,""
"127",2016,"15_16","4A","H","INITIAL","N_311","030001D152","B_86","11/5/2014","0300026CA0","B_245","6/24/2015","5/29/2016",150,7,7,13.06,0.0502023107836416,""
"128",2016,"15_16","7","H","INITIAL","N_321","0700EE2693","B_56","9/19/2014","0700EDE73A","B_436","9/21/2015","6/3/2016",155,6,NA,NA,NA,"DEPREDATED"
"129",2016,"15_16","8A","H","INITIAL","N_331","0700EDDE6B","B_323","8/21/2015","0700EDF8A1","B_244","6/24/2015","6/4/2016",156,8,7,12.65,0.041253412119717,""
"130",2016,"15_16","9A","H","INITIAL","N_335","0700EE2818","B_298","7/4/2015","0700ED9A1A","B_198","1/1/2015","6/5/2016",157,8,8,13.51,0.0489167456493205,""
"131",2016,"15_16","B12","H","INITIAL","N_336","0700EE4471","B_689","6/30/2016","0700EE3453","B_690","6/30/2016","6/1/2016",153,7,7,13.0828571428571,0.0696821518476932,""
"132",2016,"15_16","B17","H","INITIAL","N_337","","","","","","","6/6/2016",158,NA,NA,NA,NA,"abandoned before incubation with 6 eggs. First egg date could be 1 day early."
"133",2016,"15_16","B21","H","INITIAL","N_338","0700EDD51F","B_608","1/24/2016","UNKNOWN","","","6/3/2016",155,7,6,12.9383333333333,0.0492752447191069,""
"134",2016,"15_16","B28","H","INITIAL","N_339","0700EDE460","B_289","7/2/2015","0700EDE04B","B_714","7/9/2016","6/6/2016",158,8,7,12.5685714285714,0.063344150175108,""
"135",2016,"15_16","B31","H","INITIAL","N_340","0700ED8A15","B_700","7/5/2016","0300027217","B_257","6/28/2015","6/5/2016",157,7,6,12.5533333333333,0.0525096545497931,""
"136",2016,"15_16","B32","H","INITIAL","N_341","030003371B","B_260","6/28/2015","0700EDB8AA","B_709","7/6/2016","6/4/2016",156,8,8,12.09,0.0374655524014653,""
"137",2016,"15_16","B5-1","H","INITIAL","N_342","0300025F50","B_80","11/5/2014","030002F09C","B_228","6/18/2015","6/3/2016",155,7,7,13.2857142857143,0.0579958441650521,""
"138",2017,"16_17","1","H","INITIAL","N_347","0700EDBFAD","B_738","11/9/2016","011017987F","B_958","7/13/2017","6/7/2017",158,NA,NA,NA,NA,"DEPREDATED BEFORE CLUTCH COMPLETE MOVED TO BOX 5 H WHICH WAS DEPREDATED POST HATCHING"
"139",2017,"16_17","1-1","H","INITIAL","N_348","030001CC84","B_21","8/29/2014","","","","6/10/2017",161,NA,NA,NA,NA,"DEPREDATED BEFORE CLUTCH COMPLETE"
"140",2017,"16_17","10","H","INITIAL","N_350","","","","","","","6/9/2017",160,NA,NA,NA,NA,"DEPREDATED BEFORE CLUTCH COMPLETE"
"141",2017,"16_17","12","H","INITIAL","N_352","","","","","","","6/22/2017",173,NA,NA,NA,NA,"EGGS ABANDONED BEFORE CLUTCH COMPLETE"
"142",2017,"16_17","13","H","INITIAL","N_353","0110172346","B_720","10/26/2016","","","","6/6/2017",157,NA,NA,NA,NA,"DEPREDATED BEFORE CLUTCH COMPLETE"
"143",2017,"16_17","15","H","INITIAL","N_355","0700EE20B2","B_250","6/26/2015","UNBANDED","","","6/10/2017",161,NA,NA,NA,NA,"DEPREDATED BEFORE CLUTCH COMPLETE"
"144",2017,"16_17","16","H","INITIAL","N_357","0700EDFD30","B_744","11/14/2016","","","","6/18/2017",169,NA,NA,NA,NA,"ABANDONED AFTER LAYING 1 EGG"
"145",2017,"16_17","17-1","H","INITIAL","N_358","0700EE0329","B_706","7/6/2016","0700ED9947","B_776","12/7/2016","6/16/2017",167,5,3,11.91,0.0302616646363394,""
"146",2017,"16_17","17-2","H","INITIAL","N_359","0700EDDE2F","B_243","6/24/2015","0700EE0395","B_721","10/26/2016","6/10/2017",161,NA,NA,NA,NA,"BOX FELL AFTER LAYING 1 EGG PAIR RENESTED IN BOX 20 H"
"147",2017,"16_17","18A","H","INITIAL","N_360","0700EDDE6B","B_323","8/21/2015","0700EDF8A1","B_244","6/24/2015","6/7/2017",158,6,4,11.6175,0.0585634967556348,""
"148",2017,"16_17","20A","H","INITIAL","N_363","0700EDF321","B_762","11/30/2016","0700EDF35F","B_154","12/22/2014","6/12/2017",163,6,6,13.43,0.0576111909894682,""
"149",2017,"16_17","21","H","INITIAL","N_364","0700EDF64A","B_17","8/29/2014","0700EDFC8B","B_699","7/5/2016","6/15/2017",166,7,6,11.2216666666667,0.0463472098986119,""
"150",2017,"16_17","21-1","H","INITIAL","N_365","011017A7DF","B_192","1/1/2015","0700EDB70E","B_748","11/21/2016","6/9/2017",160,6,5,12.392,0.024352652045391,""
"151",2017,"16_17","22","H","INITIAL","N_366","0700EE4300","B_722","10/26/2016","0700EE2C5B","B_279","7/1/2015","6/7/2017",158,8,5,12.282,0.0603343360464259,""
"152",2017,"16_17","22-1","H","INITIAL","N_368","","","","0700EE3311","B_698","7/5/2016","6/16/2017",167,6,3,12.49,0.0544729822039201,""
"153",2017,"16_17","24","H","INITIAL","N_372","0700ED9AAB","B_41","9/5/2014","0700EE355F","B_717","7/27/2016","6/8/2017",159,6,4,12.6175,0.0731679365890436,""
"154",2017,"16_17","28","H","INITIAL","N_377","0700EE0D3C","B_729","11/7/2016","0700ED9084","B_724","10/26/2016","6/8/2017",159,NA,NA,NA,NA,"INCUBATION NEVER INITIATED ABANDONED?"
"155",2017,"16_17","28-1A","H","INITIAL","N_378","0700EDA16F","B_696","7/4/2016","0110179C34","B_955","7/9/2017","6/11/2017",162,6,6,12.1183333333333,0.0471833661388582,""
"156",2017,"16_17","29-1","H","INITIAL","N_379","0700EDD65F","B_751","11/21/2016","0700EDCB97","B_732","11/7/2016","6/16/2017",167,6,5,11.728,0.0665714222177157,""
"157",2017,"16_17","29-3","H","INITIAL","N_380","0110179BBC","B_956","7/11/2017","UNBANDED","","","6/9/2017",160,5,4,12.4975,0.0222743149134335,""
"158",2017,"16_17","29A","H","INITIAL","N_382","0110179D38","B_957","7/13/2017","0700EE2E31","B_703","7/5/2016","6/20/2017",171,5,5,11.618,0.0428399705422027,""
"159",2017,"16_17","34","H","INITIAL","N_392","030003735A","B_107","11/12/2014","0700EDA11E","B_307","7/7/2015","7/1/2017",182,5,5,11.83,0.0607123401200406,""
"160",2017,"16_17","5","H","INITIAL","N_406","030001D152","B_86","11/5/2014","0300026CA0","B_245","6/24/2015","6/7/2017",158,NA,NA,NA,NA,"DEPREDATED RENESTED IN BOX 5A H"
"161",2017,"16_17","6","H","INITIAL","N_416","0700EDD82A","B_148","11/26/2014","0700ED9998","B_754","11/21/2016","6/10/2017",161,6,NA,NA,NA,"DEPREDATED BEFORE HATCHING"
"162",2017,"16_17","7","H","INITIAL","N_425","030002B8FF","B_197","1/1/2015","0700EDE73A","B_436","9/21/2015","6/7/2017",158,6,5,12.19,0.0493980942324023,""
"163",2017,"16_17","8A","H","INITIAL","N_436","","","","","","","6/6/2017",157,5,NA,NA,NA,"DEPREDATED BEFORE HATCHING"
"164",2017,"16_17","B15","H","INITIAL","N_442","0700EE4471","B_689","6/30/2016","0700EE3453","B_690","6/30/2016","6/12/2017",163,5,5,12.284,0.0648822186824431,""
"165",2017,"16_17","B29","H","INITIAL","N_443","0700EDD51F","B_608","1/24/2016","0300027217","B_257","6/28/2015","6/17/2017",168,7,3,12.14,0.0928398568842969,""
"166",2017,"16_17","B33","H","INITIAL","N_444","","","","","","","6/10/2017",161,NA,NA,NA,NA,"DEPREDATED BEFORE CLUTCH COMPLETE RENESTED IN SAME BOX WHICH WAS DEPREDATED BEFORE HATCHING"
"167",2017,"16_17","B5-1","H","INITIAL","N_446","0300025F50","B_80","11/5/2014","030002F09C","B_228","6/18/2015","",NA,NA,NA,NA,NA,"UNCLEAR IF EGGS LAID CHIPMUNK FOUND IN NEST RENESTED IN BOX B9 H WHICH WAS DEPREDATED BEFORE CLUTCH COMPLETE"
"168",2018,"17_18","1","H","INITIAL","N_448","0700EDADD1","B_1050","11/11/2017","0110179DD5","B_1008","9/1/2017","5/28/2018",148,2,NA,NA,NA,"NEST ABANDONED DURING INCUBATION."
"169",2018,"17_18","1-1","H","INITIAL","N_449","0700EDBFAD","B_738","11/9/2016","011017987F","B_958","7/13/2017","5/31/2018",151,8,7,12.9885714285714,0.0641313916394619,""
"170",2018,"17_18","10","H","INITIAL","N_450","0700EE2693","B_56","9/19/2014","0700ED9998","B_754","11/21/2016","5/24/2018",144,8,8,13.1025,0.0265664267604429,""
"171",2018,"17_18","11-C","H","INITIAL","N_451","0110179D38","B_957","7/13/2017","01101795EF","B_1169","6/27/2018","",NA,6,NA,NA,NA,""
"172",2018,"17_18","12","H","INITIAL","N_453","0700EE00BC","B_723","10/26/2016","01101796AE","B_966","8/13/2017","5/31/2018",151,6,3,12.56,0.0481934584408329,""
"173",2018,"17_18","12A","H","INITIAL","N_454","0700EE2818","B_298","7/4/2015","0700ED985B","B_1043","9/15/2017","5/28/2018",148,8,8,12.21,0.0353433321335299,""
"174",2018,"17_18","13","H","INITIAL","N_455","0700EE20B2","B_250","6/26/2015","","","","5/24/2018",144,6,6,12.3833333333333,0.0384803602228984,""
"175",2018,"17_18","15","H","INITIAL","N_458","0700EDC3CB","B_306","7/7/2015","0700EDD2A3","B_781","12/19/2016","5/24/2018",144,9,8,12.4525,0.0498590007129572,"1 UNHATCHED EGG IN NEST AT D16."
"176",2018,"17_18","17-1","H","INITIAL","N_460","0700EE0329","B_706","7/6/2016","0700ED9947","B_776","12/7/2016","5/26/2018",146,7,5,11.852,0.065893836581118,""
"177",2018,"17_18","17-3","H","INITIAL","N_461","0700EDDAA7","B_1120","1/12/2018","0700ED990E","B_1031","9/15/2017","6/2/2018",153,6,6,12.1333333333333,0.0603973378992067,""
"178",2018,"17_18","18A","H","INITIAL","N_462","011017A0F6","B_1167","6/27/2018","0700EE1015","B_1168","6/27/2018","6/1/2018",152,8,8,11.72,0.050872545003297,""
"179",2018,"17_18","1A","H","INITIAL","N_463","0700EDAB8F","B_1152","6/18/2018","0110179A53","B_989","8/28/2017","5/20/2018",140,7,7,11.82,0.0166145497142193,""
"180",2018,"17_18","21A","H","INITIAL","N_464","0700EE34A2","B_320","8/21/2015","0700EE1410","B_1014","9/8/2017","5/23/2018",143,7,7,12.8114285714286,0.0434510105563714,"TINY QUILLS FOUND IN CHICKS DURING BANDING ON D16."
"181",2018,"17_18","22","H","INITIAL","N_465","0700EE4300","B_722","10/26/2016","0700EE2C5B","B_279","7/1/2015","5/26/2018",146,7,5,12.872,0.0383018410281548,""
"182",2018,"17_18","22-B","H","INITIAL","N_469","0700ED9AAB","B_41","9/5/2014","0700EE2E31","B_703","7/5/2016","6/2/2018",153,7,7,13.1785714285714,0.0438720047967983,""
"183",2018,"17_18","24-1","H","INITIAL","N_471","0700EDF64A","B_17","8/29/2014","0700EDC0C6","B_733","11/7/2016","5/31/2018",151,8,7,13.1057142857143,0.0763316564085848,""
"184",2018,"17_18","26","H","INITIAL","N_474","01101797F0","B_961","8/13/2017","0700ED9084","B_724","10/26/2016","6/6/2018",157,8,8,11.98,0.167337363652553,""
"185",2018,"17_18","28-1A","H","INITIAL","N_477","01101799A2","B_1023","9/8/2017","0700ED8BD1","B_750","11/21/2016","5/24/2018",144,6,5,8.856,0.15935737720831,"AT D16 CHICKS UNDERDEVELOPED AND BEGGING EXCESSIVELY."
"186",2018,"17_18","28-2","H","INITIAL","N_478","0700ED98EA","B_519","11/11/2015","011017975A","B_1015","9/8/2017","6/6/2018",157,8,8,12.68,0.0780603450816426,""
"187",2018,"17_18","29-3","H","INITIAL","N_480","0700EDD4DE","B_752","11/21/2016","011017A83A","B_998","8/28/2017","5/23/2018",143,8,5,10.428,0.135851365476545,""
"188",2018,"17_18","29A","H","INITIAL","N_483","0110179BAB","B_791","12/22/2016","0700EDCB97","B_732","11/7/2016","5/25/2018",145,7,5,12.666,0.0501158751014649,"AT D16 1 UNHATCHED PARTIALLY DEVELOPED EGG IN NEST."
"189",2018,"17_18","31","H","INITIAL","N_487","0700EDD65F","B_751","11/21/2016","0700ED9194","B_1172","7/3/2018","6/7/2018",158,6,6,12.9266666666667,0.0446777971937768,""
"190",2018,"17_18","31-2","H","INITIAL","N_488","0700EDA702","B_730","11/7/2016","01101799DA","B_963","8/13/2017","6/6/2018",157,5,4,12.265,0.0419372559564615,"ONE UNHATCHED EGG AT D16."
"191",2018,"17_18","33","H","INITIAL","N_491","01103F8DF7","B_728","11/7/2016","0700EDA11E","B_307","7/7/2015","5/26/2018",146,6,5,12.744,0.0309308457907896,""
"192",2018,"17_18","33-2","H","INITIAL","N_492","0700EDDE2F","B_243","6/24/2015","0700EE0395","B_721","10/26/2016","6/3/2018",154,7,7,12.7585714285714,0.0380800721645624,""
"193",2018,"17_18","33-5","H","INITIAL","N_493","0700EDF415","B_495","11/6/2015","0700ED870D","B_1010","9/1/2017","5/28/2018",148,7,5,13,0.0237404605569399,""
"194",2018,"17_18","35-1","H","INITIAL","N_495","0700EE42B1","B_1027","9/11/2017","0700EE3C13","B_742","11/14/2016","5/25/2018",145,7,6,12.0733333333333,0.0438332346114758,""
"195",2018,"17_18","35-1A","H","INITIAL","N_496","0700EDB721","B_778","12/19/2016","0700ED865D","B_1173","7/5/2018","6/9/2018",160,8,8,12.42125,0.0870429617367324,""
"196",2018,"17_18","39","H","INITIAL","N_500","0700EE32A9","B_739","11/14/2016","0700EDE518","B_1170","6/28/2018","6/2/2018",153,6,NA,NA,NA,"NEST PREDATED AFTER NESTLINGS HATCHED."
"197",2018,"17_18","40","H","INITIAL","N_503","0700EE1431","B_46","9/5/2014","0700ED97C3","B_1122","1/17/2018","6/1/2018",152,6,6,12.0733333333333,0.0484823195059795,""
"198",2018,"17_18","43","H","INITIAL","N_507","011017A28B","B_787","12/22/2016","0700EDEDF9","B_1039","9/15/2017","5/30/2018",150,4,3,9.98333333333333,0.0441682089664451,""
"199",2018,"17_18","43-2","H","INITIAL","N_509","011017A7DF","B_192","1/1/2015","0700EDB70E","B_748","11/21/2016","5/26/2018",146,8,7,12.0514285714286,0.0478243231124241,"ONE UNHATCHED EGG IN NEST AT D16."
"200",2018,"17_18","4A","H","INITIAL","N_516","030002B8FF","B_197","1/1/2015","0300026CA0","B_245","6/24/2015","5/22/2018",142,6,4,12.965,0.0486942819593417,"TWO UNHATCHED EGGS IN NEST AT D16."
"201",2018,"17_18","5-2","H","INITIAL","N_518","0700EDD82A","B_148","11/26/2014","0700EDABF7","B_746","11/21/2016","5/23/2018",143,7,3,12.74,0.0318936415289011,"FOUR UNHATCHED EGGS IN NEST AT D16."
"202",2018,"17_18","6A","H","INITIAL","N_533","0110172D2E","B_768","11/30/2016","010799F978","B_766","11/30/2016","5/29/2018",149,8,8,12.41375,0.0561154143975532,""
"203",2018,"17_18","7A","H","INITIAL","N_538","0110179CC6","B_990","8/28/2017","0700EE1132","B_1104","1/1/2018","6/1/2018",152,8,8,11.2275,0.085156045929417,""
"204",2018,"17_18","B11","H","INITIAL","N_550","011017A3DB","B_804","12/30/2016","011017A375","B_1080","12/6/2017","5/24/2018",144,7,6,12.5983333333333,0.0579374668786279,""
"205",2018,"17_18","B17","H","INITIAL","N_551","0700EE4471","B_689","6/30/2016","0700EE3453","B_690","6/30/2016","5/23/2018",143,7,6,12.2816666666667,0.0390195469321197,"ONE DEAD NESTLING FOUND AT D16 OTHER SIX NESTLINGS BANDED."
"206",2018,"17_18","B18","H","INITIAL","N_552","030003371B","B_260","6/28/2015","01101798AA","B_1087","12/13/2017","6/2/2018",153,7,NA,NA,NA,"ABANDONED DURING INCUBATION."
"207",2018,"17_18","B2","H","INITIAL","N_553","0700EDB49C","B_1052","11/11/2017","0700EE08CB","B_1054","11/18/2017","5/25/2018",145,6,6,13.315,0.0531543338975583,""
"208",2018,"17_18","B24","H","INITIAL","N_554","0700EDD6B2","B_1079","12/6/2017","0110179DD1","B_1164","6/24/2018","5/27/2018",147,7,7,12.8528571428571,0.0702746202559522,""
"209",2018,"17_18","B27","H","INITIAL","N_555","0700EDD51F","B_608","1/24/2016","0700EE0933","B_1090","12/13/2017","5/27/2018",147,7,NA,NA,NA,"MISSED BANDING ON D16 ONE DEAD CHICK IN NEST 10 JULY 2018 NEST COLLECTED."
"210",2018,"17_18","B28","H","INITIAL","N_556","01101796CF","B_1171","6/28/2018","0700EDE04B","B_714","7/9/2016","6/1/2018",152,8,8,11.4325,0.0691949007652482,""
"211",2018,"17_18","B32","H","INITIAL","N_557","0700ED8A15","B_700","7/5/2016","0700EDF137","B_1166","6/27/2018","5/30/2018",150,7,7,11.4985714285714,0.0237344254636789,""
"212",2018,"17_18","B9","H","INITIAL","N_558","0300025F50","B_80","11/5/2014","011017A0B1","B_785","12/22/2016","5/22/2018",142,8,7,11.14,0.113945852109543,""
"213",2019,"18_19","1","H","INITIAL","N_559","UNKNOWN","","","UNKNOWN","","","6/9/2019",160,6,NA,NA,NA,"Clutch abandoned prehatch."
"214",2019,"18_19","1-1","H","INITIAL","N_560","01101705A3","B_779","12/19/2016","0700ED990E","B_1031","9/15/2017","6/9/2019",160,6,NA,NA,NA,"Brood depredated before D16."
"215",2019,"18_19","10","H","INITIAL","N_561","0700EE2693","B_56","9/19/2014","0700ED9998","B_754","11/21/2016","6/9/2019",160,7,7,13.0871428571429,0.0275210502822865,""
"216",2019,"18_19","14A","H","INITIAL","N_564","UNKNOWN","","","UNKNOWN","","","6/9/2019",160,6,NA,NA,NA,"Clutch abandoned prehatch."
"217",2019,"18_19","15","H","INITIAL","N_566","0110172346","B_720","10/26/2016","0700EDD2A3","B_781","12/19/2016","6/6/2019",157,7,6,12.23,0.12963790177361,""
"218",2019,"18_19","17","H","INITIAL","N_568","0110173D14","B_767","11/30/2016","0700EDDF34","B_1073","11/29/2017","6/4/2019",155,6,3,13.1566666666667,0.0489425096215956,""
"219",2019,"18_19","17-2","H","INITIAL","N_569","0700EE0329","B_706","7/6/2016","0700ED9947","B_776","12/7/2016","6/6/2019",157,6,2,11.175,0.0132879126665928,""
"220",2019,"18_19","17-3","H","INITIAL","N_570","UNKNOWN","","","UNKNOWN","","","6/6/2019",157,NA,NA,NA,NA,"Nest abandoned before clutch complete"
"221",2019,"18_19","17A","H","INITIAL","N_571","0110172D2E","B_768","11/30/2016","0700ED985B","B_1043","9/15/2017","6/6/2019",157,9,8,12.08375,0.0502604434532009,""
"222",2019,"18_19","18-3","H","INITIAL","N_572","0700EE20B2","B_250","6/26/2015","0700EE0395","B_721","10/26/2016","6/11/2019",162,4,4,13.035,0.0432457201547252,""
"223",2019,"18_19","2-1","H","INITIAL","N_574","0700EDBFAD","B_738","11/9/2016","0110179A53","B_989","8/28/2017","6/18/2019",169,6,6,12.3216666666667,0.0618812877732551,""
"224",2019,"18_19","21-1","H","INITIAL","N_575","0700EE4300","B_722","10/26/2016","0700ED9084","B_724","10/26/2016","6/9/2019",160,7,5,11.72,0.0896777569004898,""
"225",2019,"18_19","21A","H","INITIAL","N_576","011017A0F6","B_1167","6/27/2018","011016D3AB","B_1311","7/1/2019","6/5/2019",156,6,NA,NA,NA,"Nestlings found dead before D16 likely died D9-10."
"226",2019,"18_19","22B","H","INITIAL","N_581","UNKNOWN","","","0700EE2E31","B_703","7/5/2016","6/5/2019",156,5,4,12.9225,0.0599529419619703,"Male not seen."
"227",2019,"18_19","24-1","H","INITIAL","N_583","0700EDF64A","B_17","8/29/2014","0700EDC0C6","B_733","11/7/2016","6/4/2019",155,7,7,13.0157142857143,0.0650261632853492,""
"228",2019,"18_19","28-1C","H","INITIAL","N_589","UNKNOWN","","","UNKNOWN","","","6/9/2019",160,NA,NA,NA,NA,"Nest abandoned before clutch complete."
"229",2019,"18_19","29A","H","INITIAL","N_593","0110179BAB","B_791","12/22/2016","0700EDCB97","B_732","11/7/2016","6/4/2019",155,7,7,12.9,0.0550369399560875,""
"230",2019,"18_19","22B-2","H","INITIAL","N_594","0700EDB225","B_1072","11/29/2017","011016BD62","B_1310","7/1/2019","6/5/2019",156,8,8,13.04625,0.0614200553290075,""
"231",2019,"18_19","3-2","H","INITIAL","N_595","UNKNOWN","","","0700EDC782","B_1199","12/22/2018","6/2/2019",153,7,NA,NA,NA,"Clutch depredated prehatch."
"232",2019,"18_19","31-2","H","INITIAL","N_598","0700EDA702","B_730","11/7/2016","01101799DA","B_963","8/13/2017","6/13/2019",164,6,6,12.2033333333333,0.0432204894927545,""
"233",2019,"18_19","32","H","INITIAL","N_599","0700EDDE2F","B_243","6/24/2015","0700EE2C5B","B_279","7/1/2015","6/10/2019",161,7,7,13.0428571428571,0.0323130425566363,"All nestlings depredated after D16."
"234",2019,"18_19","33-2","H","INITIAL","N_602","01103F8DF7","B_728","11/7/2016","0700EDA11E","B_307","7/7/2015","6/11/2019",162,4,4,11.4625,0.0112034795405864,"Nestlings were depredated after D16. Parents stopped visitation on the 19th"
"235",2019,"18_19","33-5","H","INITIAL","N_603","0700EDF415","B_495","11/6/2015","0700ED870D","B_1010","9/1/2017","6/8/2019",159,7,NA,NA,NA,"Nestlings died before D8. Nestlings appeared fine but were dead in the nest potentially from loss of a parent."
"236",2019,"18_19","34","H","INITIAL","N_604","0700EDC3CB","B_306","7/7/2015","01101796A6","B_780","12/19/2016","6/7/2019",158,5,4,13.975,0.0325535522661699,""
"237",2019,"18_19","35","H","INITIAL","N_605","0700ED8E2B","B_304","7/6/2015","0700EE3C13","B_742","11/14/2016","6/11/2019",162,6,6,12.685,0.0510429427995613,""
"238",2019,"18_19","38-1","H","INITIAL","N_609","0700EDB721","B_778","12/19/2016","011016B5C8","B_1309","7/1/2019","6/5/2019",156,6,6,12.47,0.0633591501705143,""
"239",2019,"18_19","41","H","INITIAL","N_614","0110170CC0","B_1177","8/31/2018","0700ED97C3","B_1122","1/17/2018","6/10/2019",161,4,3,12.9566666666667,0.0278527314842083,""
"240",2019,"18_19","43-2","H","INITIAL","N_621","011017A7DF","B_192","1/1/2015","0700EDB70E","B_748","11/21/2016","6/3/2019",154,8,8,12.42875,0.0673267231167587,""
"241",2019,"18_19","43B","H","INITIAL","N_623","UNKNOWN","","","UNKNOWN","","","6/11/2019",162,NA,NA,NA,NA,"Depredated before clutch complete."
"242",2019,"18_19","5","H","INITIAL","N_628","0700EDD82A","B_148","11/26/2014","01101796AE","B_966","8/13/2017","6/10/2019",161,5,5,12.232,0.0705053148197988,""
"243",2019,"18_19","6","H","INITIAL","N_636","UNKNOWN","","","UNKNOWN","","","6/9/2019",160,6,NA,NA,NA,"Clutch abandoned prehatch."
"244",2019,"18_19","6A","H","INITIAL","N_647","0700EDAB8F","B_1152","6/18/2018","011017987F","B_958","7/13/2017","6/7/2019",158,8,8,12.085,0.0451755150067827,""
"245",2019,"18_19","8A","H","INITIAL","N_661","030002B8FF","B_197","1/1/2015","011017A2FF","B_1206","1/11/2019","6/10/2019",161,6,6,11.4216666666667,0.0915979335328933,""
"246",2019,"18_19","9A","H","INITIAL","N_667","0110179CC6","B_990","8/28/2017","0700EE1132","B_1104","1/1/2018","6/4/2019",155,5,2,12.855,0.0643574433285306,""
"247",2019,"18_19","B12","H","INITIAL","N_668","0700EE4471","B_689","6/30/2016","0700EE3453","B_690","6/30/2016","5/30/2019",150,11,5,12.952,0.05011814293164,"4 unhatched eggs in nest."
"248",2019,"18_19","B16","H","INITIAL","N_669","0700EE3C50","B_1107","1/1/2018","011017A375","B_1080","12/6/2017","6/3/2019",154,7,7,12.5871428571429,0.0207612218527996,""
"249",2019,"18_19","B19","H","INITIAL","N_670","0700ED87B1","B_1032","9/15/2017","011016E4E3","B_1308","7/1/2019","6/6/2019",157,6,6,11.7316666666667,0.0889393050771357,""
"250",2019,"18_19","B30","H","INITIAL","N_671","011017A58B","B_1096","12/22/2017","UNKNOWN","","","6/3/2019",154,4,NA,NA,NA,"Clutch depredated prehatch."
"251",2019,"18_19","B31","H","INITIAL","N_672","0700EDE460","B_289","7/2/2015","0110179DD1","B_1164","6/24/2018","6/8/2019",159,6,6,12.855,0.0353336138574115,""
"252",2019,"18_19","B32","H","INITIAL","N_673","011016C70D","B_1313","7/6/2019","0700EDE04B","B_714","7/9/2016","6/7/2019",158,9,7,11.7657142857143,0.069272724963795,""
"253",2019,"18_19","B6","H","INITIAL","N_674","0700EDC75C","B_775","12/7/2016","011017A0B1","B_785","12/22/2016","5/30/2019",150,6,5,13.098,0.051661392542054,""
"254",2020,"19_20","1","H","INITIAL","N_675","011016DEED","B_1237","3/18/2019","011016CF2B","B_1215","3/11/2019","6/1/2020",153,7,NA,NA,NA,"ABANDONED"
"255",2020,"19_20","1-1","H","INITIAL","N_676","","","","0110179A53","B_989","8/28/2017","5/29/2020",150,NA,NA,NA,NA,"DEPREDATED"
"256",2020,"19_20","1-2","H","INITIAL","N_677","0700ED99D6","B_1221","3/11/2019","0700EE021D","B_1528","7/13/2020","6/12/2020",164,6,3,11.5233333333333,0.119569262506567,"INITIAL FOR FEMALE RENEST FOR MALE NESTLINGS INJURED BY STRING IN NEST"
"257",2020,"19_20","10","H","INITIAL","N_678","0700EE2693","B_56","9/19/2014","0700EE1C36","B_754","11/21/2016","5/31/2020",152,8,8,13.01,0.0519256482541669,""
"258",2020,"19_20","10A","H","INITIAL","N_679","","","","0700EE1132","B_1104","1/1/2018","5/30/2020",151,NA,NA,NA,NA,"DEPREDATED_RFID detected multiple birds but male unknown"
"259",2020,"19_20","12","H","INITIAL","N_681","011017A3F5","B_988","8/28/2017","UNBANDED","","","6/10/2020",162,7,6,11.0383333333333,0.0423582617204429,"Female likely deceased before day 8 posthatch"
"260",2020,"19_20","13","H","INITIAL","N_683","0700EE411B","B_1176","8/31/2018","0700ED92CC","B_1178","8/31/2018","6/1/2020",153,6,5,11.776,0.0221895737236135,""
"261",2020,"19_20","14A","H","INITIAL","N_684","0110172D2E","B_768","11/30/2016","0700ED985B","B_1043","9/15/2017","5/31/2020",152,9,9,12.3544444444444,0.0511222911619988,""
"262",2020,"19_20","15","H","INITIAL","N_685","011016F3AF","B_720","10/26/2016","0700EDA8F3","B_781","12/19/2016","5/30/2020",151,6,6,11.72,0.0299438217219864,""
"263",2020,"19_20","15A","H","INITIAL","N_687","0700EDD5E4","B_707","7/6/2016","0110179B9F","B_1091","12/13/2017","5/31/2020",152,7,7,11.7957142857143,0.0573331428602444,""
"264",2020,"19_20","16","H","INITIAL","N_689","0110173D14","B_767","11/30/2016","0700EDE882","B_1524","7/6/2020","6/4/2020",156,6,5,12.964,0.0354014533386242,""
"265",2020,"19_20","17-1","H","INITIAL","N_690","0700EE300D","B_706","7/6/2016","0700EE16D0","B_776","12/7/2016","5/30/2020",151,7,NA,NA,NA,"ABANDONED"
"266",2020,"19_20","17A","H","INITIAL","N_691","0700ED936A","B_1042","9/15/2017","0700EDFB0A","B_1518","6/27/2020","6/1/2020",153,6,6,9.80333333333333,0.215163448360724,""
"267",2020,"19_20","18-3","H","INITIAL","N_692","0700EE20B2","B_250","6/26/2015","0700EDDE9D","B_721","10/26/2016","6/6/2020",158,4,4,12.455,0.0592781114774218,""
"268",2020,"19_20","19A","H","INITIAL","N_693","0700EE3BE3","B_1523","7/4/2020","0700EE395C","B_1457","12/27/2019","6/1/2020",153,8,4,10.865,0.0785354587390403,""
"269",2020,"19_20","21","H","INITIAL","N_696","","","","011016AE4D","B_1246","3/24/2019","6/7/2020",159,7,NA,NA,NA,"DEPREDATED_0700EDF0D5 seen in/near nest"
"270",2020,"19_20","21A-1","H","INITIAL","N_698","011017A5E3","B_762","11/30/2016","0700EE1410","B_1014","9/8/2017","5/27/2020",148,7,7,12.1428571428571,0.0308272711394541,""
"271",2020,"19_20","22-3","H","INITIAL","N_700","0700EE1BDC","B_722","10/26/2016","0700EDFAF0","B_733","11/7/2016","6/1/2020",153,7,5,12.38,0.0525785478524228,""
"272",2020,"19_20","22B-1","H","INITIAL","N_703","0700EDF92F","B_1519","6/28/2020","0700EDA714","B_748","11/21/2016","5/31/2020",152,6,4,11.0725,0.102051642688822,""
"273",2020,"19_20","24","H","INITIAL","N_707","UNKNOWN","","","0700EDFCD4","B_724","10/26/2016","6/11/2020",163,5,2,10.165,0.271990901568067,""
"274",2020,"19_20","27","H","INITIAL","N_710","01101742EF","B_1348","9/2/2019","0700EDFC00","B_1202","12/26/2018","6/3/2020",155,6,6,10.9216666666667,0.0886345979283614,""
"275",2020,"19_20","28-1B","H","INITIAL","N_712","011017A0B2","B_1185","9/25/2018","0700EDBA12","B_703","7/5/2016","6/2/2020",154,6,6,11.345,0.0421207414789612,""
"276",2020,"19_20","28-1C","H","INITIAL","N_713","0700EE173B","B_1529","7/13/2020","0700EDCA97","B_1527","7/12/2020","6/7/2020",159,6,4,13.05,0.0788664225541481,""
"277",2020,"19_20","28-3","H","INITIAL","N_714","","","","0700EDFDF8","B_1517","6/27/2020","6/2/2020",154,6,NA,NA,NA,"ABANDONED"
"278",2020,"19_20","29-1","H","INITIAL","N_715","01101799A2","B_1023","9/8/2017","011016E4E1","B_1365","9/20/2019","6/4/2020",156,5,5,NA,NA,""
"279",2020,"19_20","29A","H","INITIAL","N_717","011016A380","B_791","12/22/2016","0700ED8F05","B_732","11/7/2016","5/30/2020",151,7,7,NA,NA,""
"280",2020,"19_20","3-2","H","INITIAL","N_719","0700EDA89B","B_738","11/9/2016","01103F6B2D","B_1217","3/11/2019","6/2/2020",154,6,NA,NA,NA,"DEPREDATED"
"281",2020,"19_20","30","H","INITIAL","N_720","0700ED9291","B_751","11/21/2016","0110174182","B_1400","9/25/2019","6/5/2020",157,5,5,12.528,0.0690520283340218,""
"282",2020,"19_20","31-2","H","INITIAL","N_723","01101723FC","B_961","8/13/2017","01101799DA","B_963","8/13/2017","6/1/2020",153,6,5,12.63,0.0530630673947591,""
"283",2020,"19_20","32","H","INITIAL","N_726","01103F78B9","B_1220","3/11/2019","UNB!","","","5/31/2020",152,4,NA,NA,NA,"ABANDONED_RFID detected male PIT"
"284",2020,"19_20","33-5","H","INITIAL","N_728","01103F8DF7","B_728","11/7/2016","0700EE3159","B_307","7/7/2015","6/2/2020",154,5,2,10.135,0.0634896073882347,"FEMALE AND 2 NESTLINGS FOUND DEAD IN NEST"
"285",2020,"19_20","34","H","INITIAL","N_729","","","","","","","6/4/2020",156,NA,NA,NA,NA,"ABANDONED"
"286",2020,"19_20","35","H","INITIAL","N_730","011016D443","B_1259","3/29/2019","01101721D8","B_780","12/19/2016","6/3/2020",155,6,5,9.91,0.0806255675295184,""
"287",2020,"19_20","36","H","INITIAL","N_731","0700EDC542","B_1516","6/27/2020","0700ED870D","B_1010","9/1/2017","5/30/2020",151,7,NA,NA,NA,"ABANDONED"
"288",2020,"19_20","4-1","H","INITIAL","N_739","0700EE43AE","B_1209","1/11/2019","0700EDDC12","B_1197","12/22/2018","5/29/2020",150,7,5,12.23,0.047364413566511,""
"289",2020,"19_20","40-1","H","INITIAL","N_740","01101797D6","B_1406","10/1/2019","0700ED97C3","B_1122","1/17/2018","5/29/2020",150,5,4,12.685,0.0537551945782756,""
"290",2020,"19_20","43","H","INITIAL","N_742","","","","","","","6/7/2020",159,6,NA,NA,NA,"DEPREDATED"
"291",2020,"19_20","43-2","H","INITIAL","N_745","0700EE1A1F","B_1522","6/28/2020","0700EE2362","B_755","11/21/2016","5/31/2020",152,7,7,11.18,0.0529871434502637,""
"292",2020,"19_20","43A","H","INITIAL","N_746","0700EDBEBF","B_757","11/21/2016","","","","5/27/2020",148,5,2,13.34,0.0063607806403588,"FEMALE NEVER TRAPPED"
"293",2020,"19_20","43B","H","INITIAL","N_747","01101705A3","B_779","12/19/2016","011016A407","B_1031","9/15/2017","6/1/2020",153,6,5,11.846,0.0629416794832848,""
"294",2020,"19_20","43D","H","INITIAL","N_748","","","","","","","6/2/2020",154,NA,NA,NA,NA,"DEPREDATED"
"295",2020,"19_20","5-2","H","INITIAL","N_752","0700EDD82A","B_148","11/26/2014","0700EDE39B","B_966","8/13/2017","5/30/2020",151,6,5,13.034,0.0439687069095053,""
"296",2020,"19_20","5A","H","INITIAL","N_761","0700EDAB8F","B_1152","6/18/2018","011017987F","B_958","7/13/2017","6/1/2020",153,8,NA,NA,NA,"DEPREDATED FEMALE DEAD IN BOX"
"297",2020,"19_20","7","H","INITIAL","N_770","011016AA87","B_1222","3/13/2019","0700EE3EBF","B_1407","10/1/2019","5/29/2020",150,7,7,9.77285714285714,0.085750535152109,""
"298",2020,"19_20","7A","H","INITIAL","N_777","011017A0F6","B_1167","6/27/2018","0700EDD683","B_1200","12/22/2018","5/31/2020",152,6,NA,NA,NA,"DEPREDATED"
"299",2020,"19_20","8A","H","INITIAL","N_784","0700EDB504","B_1198","12/22/2018","0700EE1892","B_1409","10/1/2019","6/10/2020",162,5,NA,NA,NA,"ABANDONED_female deceased"
"300",2020,"19_20","B10","H","INITIAL","N_792","0700EE29AB","B_1196","12/22/2018","0700EDA0E4","B_1049","11/11/2017","5/30/2020",151,6,6,11.5466666666667,0.0891917412270511,""
"301",2020,"19_20","B12","H","INITIAL","N_793","0700ED994A","B_689","6/30/2016","0700EDD1AD","B_690","6/30/2016","5/27/2020",148,7,7,11.7714285714286,0.153551121098027,""
"302",2020,"19_20","B18","H","INITIAL","N_794","0700EE3C50","B_1107","1/1/2018","0700EE04C6","B_1502","6/17/2020","5/19/2020",140,6,NA,NA,NA,"ABANDONED"
"303",2020,"19_20","B21","H","INITIAL","N_795","011016E007","B_1032","9/15/2017","011016E4E3","B_1308","7/1/2019","5/31/2020",152,6,4,12.7,0.0453605274273595,""
"304",2020,"19_20","B22","H","INITIAL","N_796","0110179B6B","B_1430","10/4/2019","0700ED991B","B_1521","6/28/2020","5/30/2020",151,6,5,11.75,0.0601461928040962,""
"305",2020,"19_20","B26","H","INITIAL","N_797","0700EDFD3E","B_1096","12/22/2017","0110179AF8","B_1080","12/6/2017","5/26/2020",147,8,6,10.705,0.0642558614833188,""
"306",2020,"19_20","B29","H","INITIAL","N_798","0700EDE460","B_289","7/2/2015","0110179DD1","B_1164","6/24/2018","5/25/2020",146,4,4,13.0475,0.0385729758456762,""
"307",2020,"19_20","B30","H","INITIAL","N_799","0700EDABEB","B_1448","12/24/2019","0700EDA096","B_1525","7/10/2020","6/11/2020",163,5,5,12.366,0.026811979077381,""
"308",2020,"19_20","B31","H","INITIAL","N_800","0700EDD114","B_1477","1/27/2020","0700EE32AF","B_1064","11/29/2017","6/4/2020",156,5,5,12.104,0.0548693439990174,""
"309",2020,"19_20","B32","H","INITIAL","N_801","0700EDA894","B_188","1/1/2015","0700EDE04B","B_714","7/9/2016","6/13/2020",165,NA,NA,NA,NA,"ABANDONED"
"310",2020,"19_20","B33","H","INITIAL","N_802","0700EDA769","B_1068","11/29/2017","0700EE28BE","B_1520","6/28/2020","6/3/2020",155,4,NA,NA,NA,"ABANDONED"
"311",2020,"19_20","B4","H","INITIAL","N_803","011016C1B4","B_1515","6/25/2020","0110174484","B_1223","3/13/2019","5/28/2020",149,7,5,9.92,0.19505071555936,""
"312",2020,"19_20","B9","H","INITIAL","N_804","0700EE24AF","B_775","12/7/2016","011016DBE9","B_785","12/22/2016","5/27/2020",148,8,5,12.086,0.0517196751907958,""
"313",2021,"20_21","1","H","INITIAL","N_805","01103FE5C4","B_1198","12/22/2018","0700EDFAC1","B_1560","09/04/2020","06/01/2021",152,8,7,11.6742857142857,0.03573386230857,""
"314",2021,"20_21","1-1","H","INITIAL","N_806","011016C1B4","B_1515","06/25/2020","0110174484","B_1223","03/13/2019","05/25/2021",145,8,7,12.4957142857143,0.0433968589433027,""
"315",2021,"20_21","10A","H","INITIAL","N_808","0700EDF51D","B_1603","10/23/2020","01103F50DE","B_1952","07/01/2021","06/01/2021",152,8,8,12.5675,0.0568782700670127,""
"316",2021,"20_21","11A","H","INITIAL","N_809","0110172D2E","B_768","11/30/2016","0700ED985B","B_1043","09/15/2017","05/29/2021",149,9,9,12.8966666666667,0.0621271716851009,""
"317",2021,"20_21","12","H","INITIAL","N_810","0700EE2693","B_56","09/19/2014","0700EDE39B","B_966","08/13/2017","05/22/2021",142,8,8,12.5375,0.0448847067940385,""
"318",2021,"20_21","13","H","INITIAL","N_812","011016D443","B_1259","03/29/2019","01103F7205","B_1967","06/29/2021","05/29/2021",149,8,8,11.70125,0.0312686257230159,""
"319",2021,"20_21","13A","H","INITIAL","N_813","0700EDFB4B","B_1621","11/09/2020","01103FC029","B_1961","07/06/2021","06/05/2021",156,7,4,11.0875,0.0125703358419538,""
"320",2021,"20_21","14","H","INITIAL","N_815","011016AA87","B_1222","03/13/2019","011016A407","B_1031","09/15/2017","06/01/2021",152,7,7,12.1657142857143,0.0317851656649799,""
"321",2021,"20_21","15A","H","INITIAL","N_817","011016B349","B_1065","11/29/2017","0110179B9F","B_1091","12/13/2017","05/30/2021",150,8,NA,NA,NA,"predated after hatch"
"322",2021,"20_21","16-1","H","INITIAL","N_819","0110179B1A","B_1440","12/24/2019","0700EDBB4E","B_1968","01/09/2015","05/30/2021",150,7,4,12.065,0.0338137104492027,""
"323",2021,"20_21","17-2","H","INITIAL","N_820","01103F596F","B_1956","07/03/2021","0700EE16D0","B_776","12/07/2016","06/02/2021",153,8,7,11.2814285714286,0.0370121158137559,""
"324",2021,"20_21","18-3","H","INITIAL","N_822","0700EDA221","B_243","06/24/2015","0700EDDE9D","B_721","10/26/2016","06/04/2021",155,8,7,10.5357142857143,0.183063334999878,""
"325",2021,"20_21","19A","H","INITIAL","N_823","0110179CC6","B_990","08/28/2017","0700EDFB0A","B_1518","06/27/2020","05/28/2021",148,8,8,12.60375,0.0503247913603472,""
"326",2021,"20_21","1A","H","INITIAL","N_824","0700EDA89B","B_738","11/09/2016","0700EE2EE2","B_1596","09/25/2020","05/30/2021",150,8,5,13.006,0.0436691731727623,""
"327",2021,"20_21","2-1","H","INITIAL","N_826","01103F917C","B_1405","10/01/2019","01103F74E7","B_1958","07/05/2021","06/05/2021",156,7,5,13.22,0.0358167643018206,""
"328",2021,"20_21","20A","H","INITIAL","N_827","0700EE0B61","B_1468","01/27/2020","01103FDEA7","B_1950","06/30/2021","05/30/2021",150,8,7,12.4385714285714,0.0710582624602018,""
"329",2021,"20_21","21","H","INITIAL","N_828","0700ED9E61","B_1045","09/22/2017","0700EDFC00","B_1202","12/26/2018","05/30/2021",150,7,7,13.1942857142857,0.0334877372877417,""
"330",2021,"20_21","21-1","H","INITIAL","N_829","011016C49F","B_1261","03/29/2019","01103FD313","B_1962","07/06/2021","06/06/2021",157,7,5,13.434,0.022673670973461,""
"331",2021,"20_21","22-3","H","INITIAL","N_832","01103FBB12","B_1219","03/11/2019","0700EDCA97","B_1527","07/12/2020","06/02/2021",153,8,6,11.695,0.0517911880738355,""
"332",2021,"20_21","22B","H","INITIAL","N_836","011017A0B2","B_1185","09/25/2018","0700EDFAF0","B_733","11/07/2016","05/29/2021",149,8,7,12.4828571428571,0.0409781452083368,""
"333",2021,"20_21","27","H","INITIAL","N_839","0700EE09F8","B_1033","09/15/2017","01103F4ED4","B_1959","07/05/2021","06/06/2021",157,6,4,10.6525,0.0679079103265838,""
"334",2021,"20_21","28","H","INITIAL","N_841","0700ED9291","B_751","11/21/2016","0110174182","B_1400","09/25/2019","05/29/2021",149,7,7,11.9985714285714,0.0591804184826049,""
"335",2021,"20_21","28-1A","H","INITIAL","N_842","011016E425","B_1685","12/02/2020","0700EDFDF8","B_1517","06/27/2020","05/29/2021",149,7,6,12.305,0.0638016752374828,""
"336",2021,"20_21","28-1B","H","INITIAL","N_843","0700EDC8C3","B_1454","12/27/2019","0700EDBA12","B_703","07/05/2016","06/01/2021",152,7,5,12.776,0.0528105309928596,""
"337",2021,"20_21","28-1C","H","INITIAL","N_844","0700EDF0D5","B_1420","10/02/2019","011016BD62","B_1310","07/01/2019","05/30/2021",150,9,9,13.1766666666667,0.0351055642565099,""
"338",2021,"20_21","29-1","H","INITIAL","N_845","011016A380","B_791","12/22/2016","0700ED8F05","B_732","11/07/2016","05/29/2021",149,7,7,12.5828571428571,0.0522687937966868,""
"339",2021,"20_21","29-3","H","INITIAL","N_846","01101799A2","B_1023","09/08/2017","011016E4E1","B_1365","09/20/2019","06/02/2021",153,7,7,12.7628571428571,0.0230783477136308,""
"340",2021,"20_21","29A","H","INITIAL","N_848","","",NA,"","",NA,"05/30/2021",150,1,NA,NA,NA,"nest abandoned during laying"
"341",2021,"20_21","2A","H","INITIAL","N_849","01103F9B45","B_1152","06/18/2018","01103FD31F","B_1951","07/01/2021","05/30/2021",150,8,8,11.68375,0.0718072457115089,""
"342",2021,"20_21","30","H","INITIAL","N_850","01103F3CCD","B_1963","07/06/2021","01103FCEFF","B_1964","07/07/2021","06/08/2021",159,7,3,13.0666666666667,0.0298011160548972,""
"343",2021,"20_21","31-2","H","INITIAL","N_854","01101723FC","B_961","08/13/2017","01101799DA","B_963","08/13/2017","05/30/2021",150,8,8,12.325,0.0546207957150729,""
"344",2021,"20_21","33-5","H","INITIAL","N_858","01103F9158","B_728","11/07/2016","0700EDBB23","B_1810","01/05/2021","05/28/2021",148,7,6,12.7716666666667,0.038269912553024,""
"345",2021,"20_21","34","H","INITIAL","N_860","","",NA,"","",NA,"06/01/2021",152,6,NA,NA,NA,"nest abandoned; carrie found dead UNB female nearby"
"346",2021,"20_21","35-1","H","INITIAL","N_861","0700EDF415","B_495","11/06/2015","0700ED870D","B_1010","09/01/2017","05/21/2021",141,8,8,12.0775,0.0560410786200027,""
"347",2021,"20_21","35-1A","H","INITIAL","N_862","","",NA,"","",NA,"05/28/2021",148,7,NA,NA,NA,""
"348",2021,"20_21","39","H","INITIAL","N_866","01101797D6","B_1406","10/01/2019","0700EDF610","B_1631","11/11/2020","05/30/2021",150,7,7,12.8614285714286,0.0444330592186001,""
"349",2021,"20_21","40","H","INITIAL","N_869","0110016A451","B_1028","09/11/2017","0700ED97C3","B_1122","01/17/2018","05/24/2021",144,8,8,12.11375,0.0416018168339746,""
"350",2021,"20_21","43-2","H","INITIAL","N_874","011017A528","B_1398","09/25/2019","0700EDA714","B_748","11/21/2016","05/31/2021",151,8,7,12.4471428571429,0.040462608237458,""
"351",2021,"20_21","43B","H","INITIAL","N_876","0700ED9EF9","B_1444","12/24/2019","0700EDE882","B_1524","07/06/2020","06/03/2021",154,9,9,11.16,0.0379900840962367,""
"352",2021,"20_21","5-2","H","INITIAL","N_879","0700EDD82A","B_148","11/26/2014","011016AE4D","B_1246","03/24/2019","05/23/2021",143,9,1,14.82,NA,""
"353",2021,"20_21","5A","H","INITIAL","N_885","","",NA,"3B00193185","B_1590","09/21/2020","05/29/2021",149,8,NA,NA,NA,"abandoned before hatch"
"354",2021,"20_21","7","H","INITIAL","N_895","0700EDD137","B_1456","12/27/2019","01103F4AE2","B_1955","07/03/2021","06/04/2021",155,6,5,12.354,0.0584115461795666,""
"355",2021,"20_21","7A","H","INITIAL","N_900","011017A6A5","B_1401","10/01/2019","01103F6C3C","B_1948","06/28/2021","05/30/2021",150,6,6,12.7633333333333,0.0468177505151143,""
"356",2021,"20_21","8A","H","INITIAL","N_908","0700EE43AE","B_1209","01/11/2019","0700EDD3A2","B_1953","07/01/2021","06/04/2021",155,5,5,12.478,0.0427438124001093,""
"357",2021,"20_21","B1","H","INITIAL","N_914","0700EE1A1F","B_1522","06/28/2020","01103FDA9D","B_1054","11/18/2017","06/01/2021",152,7,7,12.47,0.0582670577421865,""
"358",2021,"20_21","B12","H","INITIAL","N_915","0700ED994A","B_689","06/30/2016","0700EE4490","B_1450","12/24/2019","06/01/2021",152,8,5,12.5,0.060665641016971,""
"359",2021,"20_21","B14","H","INITIAL","N_916","0700EE3531","B_1460","12/27/2019","011016E4E3","B_1308","07/01/2019","06/01/2021",152,7,7,11.6728571428571,0.0762544244112595,""
"360",2021,"20_21","B16","H","INITIAL","N_917","01103FE7A0","B_1214","01/25/2019","01103F79AC","B_1940","06/24/2021","05/24/2021",144,8,7,11.9128571428571,0.0567628660209513,""
"361",2021,"20_21","B18","H","INITIAL","N_918","0700EDF820","B_1473","01/27/2020","0700EDC311","B_1630","11/11/2020","06/02/2021",153,5,4,11.8625,0.0396677074130435,""
"362",2021,"20_21","B25","H","INITIAL","N_919","0110179B6B","B_1430","10/04/2019","011016B272","B_1372","09/20/2019","05/28/2021",148,8,6,11.2733333333333,0.0458344936664235,""
"363",2021,"20_21","B29","H","INITIAL","N_920","0700EDE460","B_289","07/02/2015","01103FCE3A","B_1164","06/24/2018","05/22/2021",142,8,8,13.0675,0.0269870448710889,""
"364",2021,"20_21","B30","H","INITIAL","N_921","01103F3DBF","B_1957","07/05/2021","01103F7F9A","B_1960","07/05/2021","06/03/2021",154,6,6,12.5283333333333,0.0431744231768654,""
"365",2021,"20_21","B31","H","INITIAL","N_922","0700EDD9A4","B_1619","11/09/2020","0110172CF6","B_1394","09/24/2019","06/01/2021",152,8,6,12.68,0.05545010951643,""
"366",2021,"20_21","B32","H","INITIAL","N_923","0700EDD114","B_1477","01/27/2020","01103FC88B","B_1064","11/29/2017","05/22/2021",142,8,7,12.5628571428571,0.0560857407934441,""
"367",2021,"20_21","B9","H","INITIAL","N_924","0700EE29AB","B_1196","12/22/2018","0700EE04C6","B_1502","06/17/2020","05/19/2021",139,7,6,12.9133333333333,0.0777788119368912,""
"368",2022,"21_22","1-1","H","INITIAL","N_998","011016C1B4","B_1515","06/25/2020","0110174484","B_1223","03/13/2019","05/27/2022",147,6,4,12.0125,0.0503917159830081,""
"369",2022,"21_22","1-3a","H","INITIAL","N_999","011017A0B6","B_1405","10/04/2019","01101728BC","B_2164","07/09/2022","06/12/2022",163,6,5,12.362,0.0290844017579275,""
"370",2022,"21_22","1","H","INITIAL","N_1000","01103FE5C4","B_1198","12/22/2018","0700EDFAC1","B_1560","09/04/2020","05/27/2022",147,7,5,12.612,0.0521186423765799,""
"371",2022,"21_22","2-1","H","INITIAL","N_1001","01101745AA","B_2156","07/02/2022","01103F74E7","B_1958","07/05/2021","06/05/2022",156,7,5,13.736,0.038033417908945,""
"372",2022,"21_22","5-2","H","INITIAL","N_1002","01103F417F","B_2020","12/20/2021","01103FDEA7","B_1950","06/30/2021","05/30/2022",150,6,6,12.1833333333333,0.0442609894159595,""
"373",2022,"21_22","7","H","INITIAL","N_1003","0700EDD137","B_1456","12/27/2019","011016AE4D","B_1246","03/24/2019","05/30/2022",150,8,8,12.36375,0.047791455282974,""
"374",2022,"21_22","9","H","INITIAL","N_1004","0700ED8E6B","B_1634","11/11/2020","011016F3F5","B_2007","11/12/2021","06/12/2022",163,6,6,11.4816666666667,0.0468777560544613,""
"375",2022,"21_22","12","H","INITIAL","N_1005","011016D443","B_1259","03/29/2019","0700EDE39B","B_966","08/13/2017","05/28/2022",148,6,2,12.235,0.0525923310894776,""
"376",2022,"21_22","12-1","H","INITIAL","N_1006","01101723F3","B_1379","09/23/2019","011016F3EE","B_1382","09/23/2019","05/30/2022",150,6,4,13.365,0.0273246548719943,""
"377",2022,"21_22","14","H","INITIAL","N_1007","3B0018E257","B_1204","01/24/2022","0700EDE882","B_1524","07/06/2020","06/06/2022",157,8,8,12.0825,0.105401924056126,""
"378",2022,"21_22","16","H","INITIAL","N_1008","01103F596F","B_1956","07/03/2021","0700EE16D0","B_776","12/07/2016","06/03/2022",154,7,6,11.54,0.0710402820475104,""
"379",2022,"21_22","21","H","INITIAL","N_1009","011016DE19","B_1045","09/22/2017","0700EDDE9D","B_721","10/26/2016","06/12/2022",163,7,6,12.73,0.048655678989042,""
"380",2022,"21_22","22-3","H","INITIAL","N_1010","01101723FC","B_961","08/13/2017","0700EE3E88","B_733","11/07/2016","05/29/2022",149,7,5,13.316,0.0817333398388597,""
"381",2022,"21_22","22B-2","H","INITIAL","N_1011","","",NA,"01103FBDFC","B_2166","07/15/2022","06/18/2022",169,7,3,9.77,0.192008847266135,""
"382",2022,"21_22","24-1","H","INITIAL","N_1012","011016B2AB","B_1971","08/15/2021","3B0019295D","B_1202","12/26/2018","06/04/2022",155,6,6,12.355,0.0774357223277127,""
"383",2022,"21_22","28","H","INITIAL","N_1013","","",NA,"0110174182","B_1400","09/25/2019","06/01/2022",152,6,4,13.3425,0.0480581819120474,""
"384",2022,"21_22","28-1A","H","INITIAL","N_1014","0700EDC18C","B_2154","07/01/2022","0700EDFDF8","B_1517","06/27/2020","06/01/2022",152,6,NA,NA,NA,""
"385",2022,"21_22","28-1D","H","INITIAL","N_1015","011017A0B2","B_1185","09/25/2018","011016BD62","B_1310","07/01/2019","05/27/2022",147,7,NA,NA,NA,"Female ID was never confirmed but this ID is the most likely; the nest died before we were able to recapture and rePIT"
"386",2022,"21_22","28-2","H","INITIAL","N_1016","0700EE09F8","B_1033","09/15/2017","3B001922F7","B_2152","06/29/2022","05/31/2022",151,6,6,13.315,0.0588471359768517,""
"387",2022,"21_22","29-1","H","INITIAL","N_1017","0110179BBC","B_956",NA,"0700EDBDBD","B_2157","07/02/2022","06/06/2022",157,5,NA,NA,NA,""
"388",2022,"21_22","30","H","INITIAL","N_1018","01103F3CCD","B_1963","07/06/2021","01103FCEFF","B_1964","07/07/2021","06/08/2022",159,6,5,13.352,0.0308091361696837,""
"389",2022,"21_22","31-1","H","INITIAL","N_1019","01103FB60B","B_1213","01/25/2019","0110170E13","B_963","08/13/2017","05/31/2022",151,7,5,12.186,0.0282224351730862,""
"390",2022,"21_22","33","H","INITIAL","N_1020","0700EDC99A","B_1997","10/27/2021","0700EDCA97","B_1527","07/12/2020","06/11/2022",162,7,2,13.265,0.084756862577204,""
"391",2022,"21_22","33-5","H","INITIAL","N_1021","","",NA,"","",NA,"05/28/2022",148,6,NA,NA,NA,"female predated before hatch; IDs unconfirmed"
"392",2022,"21_22","35-1","H","INITIAL","N_1022","","",NA,"","",NA,"05/26/2022",146,9,NA,NA,NA,"female predated before hatch; IDs unconfirmed"
"393",2022,"21_22","38-1","H","INITIAL","N_1023","01103F9B5C","B_1263","03/29/2019","01103FAA89","B_1389","09/23/2019","05/29/2022",149,6,NA,NA,NA,""
"394",2022,"21_22","41","H","INITIAL","N_1024","0700EDD51D","B_1484","01/29/2020","0700EDF610","B_1631","11/11/2020","06/01/2022",152,8,8,12.155,0.031732537611905,""
"395",2022,"21_22","43A","H","INITIAL","N_1025","011017A528","B_1398","09/25/2019","0700EDA714","B_748","11/21/2016","05/31/2022",151,8,8,12.34125,0.0443019932030144,""
"396",2022,"21_22","43B","H","INITIAL","N_1026","0700ED99F7","B_2071","01/17/2022","0110170D7D","B_2158","07/02/2020","06/05/2022",156,5,4,13.2175,0.0342685131889175,""
"397",2022,"21_22","1A","H","INITIAL","N_1027","011016F8A0","B_1576",NA,"","",NA,"06/07/2022",158,5,5,12.522,0.0501794472025234,""
"398",2022,"21_22","2A","H","INITIAL","N_1028","011017A318","B_1401","10/01/2019","011017112F","B_2160","07/03/2022","06/05/2022",156,5,NA,NA,NA,""
"399",2022,"21_22","3A","H","INITIAL","N_1029","011016BFAC","B_2155","07/02/2022","0700EDE092","B_2159","07/03/2022","06/05/2022",156,5,3,13.8933333333333,0.0353884722984497,"bird banded as nestling at LOW"
"400",2022,"21_22","6A","H","INITIAL","N_1030","0700EDC024","B_738","11/09/2016","3B00193185","B_1590","09/21/2020","05/27/2022",147,7,NA,NA,NA,""
"401",2022,"21_22","7A","H","INITIAL","N_1031","01103FA410","B_1209","01/11/2019","0700EDFAE1","B_1953","07/01/2021","06/03/2022",154,5,5,11.83,0.30366054728806,""
"402",2022,"21_22","8A","H","INITIAL","N_1032","01103F4090","B_1476","01/27/2020","01103F4AE2","B_1955","07/03/2021","05/30/2022",150,5,4,12.5475,0.0476114051938958,""
"403",2022,"21_22","11A","H","INITIAL","N_1033","0110172D2E","B_768","11/30/2016","01103F9ACC","B_1043","09/15/2017","05/30/2022",150,8,7,11.9114285714286,0.0572676473942487,""
"404",2022,"21_22","13A","H","INITIAL","N_1034","0110174081","B_990","08/28/2017","3B00194B67","B_2106","01/24/2022","05/31/2022",151,8,NA,NA,NA,""
"405",2022,"21_22","15A","H","INITIAL","N_1035","011016B349","B_1065","11/29/2017","0700EDE453","B_2025","01/06/2022","05/27/2022",147,8,5,13.304,0.0286102717197872,""
"406",2022,"21_22","17A","H","INITIAL","N_1036","0110174081","B_990","08/28/2017","01103F7A64","B_1518","06/27/2020","05/28/2022",148,5,NA,NA,NA,"abandonment; IDs confirmed via RFID"
"407",2022,"21_22","20A","H","INITIAL","N_1037","0700EE0B61","B_1468","01/27/2020","01103F6C3C","B_1948","06/28/2021","05/30/2022",150,6,NA,NA,NA,"female killed in Box"
"408",2022,"21_22","B5-1","H","INITIAL","N_1038","01103F5D36","B_1976","08/17/2021","011017454C","B_2018","12/20/2021","06/03/2022",154,6,6,12.2066666666667,0.0668372035791167,""
"409",2022,"21_22","B7","H","INITIAL","N_1039","01103F61AA","B_2149","06/28/2022","01103FDA9D","B_1054","11/18/2017","05/28/2022",148,6,6,13.4633333333333,0.0663356874382392,""
"410",2022,"21_22","B9","H","INITIAL","N_1040","0700ED960C","B_2163","07/05/2022","0110170D3C","B_2065","01/12/2021","06/05/2022",156,6,5,12.844,0.0695170796636116,""
"411",2022,"21_22","B16","H","INITIAL","N_1041","011017A00E","B_1214","01/25/2019","011016C100","B_2029","01/06/2022","06/09/2022",160,5,5,12.264,0.0350173793732491,""
"412",2022,"21_22","B18","H","INITIAL","N_1042","01103FA376","B_1196","12/22/2018","0700EDC311","B_1630","11/11/2020","05/27/2022",147,7,7,12.5185714285714,0.0708087234891054,""
"413",2022,"21_22","B23","H","INITIAL","N_1043","0700EDF820","B_1473","01/27/2020","0700EDDF0E","B_2165","07/11/2022","06/14/2022",165,6,6,11.7083333333333,0.0279767999165333,""
"414",2022,"21_22","B25","H","INITIAL","N_1044","3B00187FBA","B_1598","09/30/2020","01103FCE3A","B_1164","06/24/2018","05/27/2022",147,7,7,12.6042857142857,0.0480696695090424,""
"415",2022,"21_22","B27","H","INITIAL","N_1045","0700EDD9A4","B_1619","11/09/2020","0110172CF6","B_1394","09/24/2019","05/27/2022",147,7,7,12.3714285714286,0.0826570205344195,""
"416",2022,"21_22","B29","H","INITIAL","N_1046","0110170853","B_2153","06/30/2022","01103F7F9A","B_1960","07/05/2021","05/29/2022",149,6,5,12.248,0.00821343980402305,""
"417",2022,"21_22","B31","H","INITIAL","N_1047","0700ED9EB0","B_1429","10/04/2019","01101732EC","B_2162","07/05/2022","06/06/2022",157,7,7,13.2028571428571,0.0841303668388052,""
"418",2022,"21_22","B32","H","INITIAL","N_1048","0700EDD114","B_1477","01/27/2020","01103FC88B","B_1064","11/29/2017","05/24/2022",144,7,7,12.4714285714286,0.0314165285172217,""
"419",2023,"22_23","1-1","H","INITIAL","N_1102","01103FE5C4","B_1198","12/22/2018","0110174484","B_1223","03/13/2019","06/14/2023",165,5,3,12.52,0.0371298380165159,NA
"420",2023,"22_23","1","H","INITIAL","N_1103","","unknown",NA,"0700EDA319","B_2175","08/24/2022","06/14/2023",165,7,NA,NA,NA,NA
"421",2023,"22_23","5-2","H","INITIAL","N_1104","0700EE0E55","B_1456","12/27/2019","0700EDE39B ","B_966","08/13/2017","06/01/2023",152,7,6,12.6,0.0435337536253367,NA
"422",2023,"22_23","7","H","INITIAL","N_1105","0700EDD8C9","B_2245","01/27/2023","3B00186E69","B_2105","01/24/2022","06/07/2023",158,5,5,12.258,0.0224558255925511,NA
"423",2023,"22_23","12-1","H","INITIAL","N_1106","0700EE4061","B_2008","11/12/2021","01103F40F5","B_2203","09/21/2022","06/03/2023",154,5,NA,NA,NA,NA
"424",2023,"22_23","12-2","H","INITIAL","N_1107","0700EE1479","B_2201","09/21/2022","011016AE4D","B_1246","03/24/2019","06/07/2023",158,6,5,12.07,0.0590419181393375,NA
"425",2023,"22_23","15","H","INITIAL","N_1108","011016D443","B_1259","03/29/2019","01103FCFAB","B_1631","11/11/2020","06/03/2023",154,9,NA,NA,NA,NA
"426",2023,"22_23","17-1","H","INITIAL","N_1109","0700ED9699","B_2067","01/17/2022","0700EE16D0","B_776","12/07/2016","06/05/2023",156,7,3,12.0633333333333,0.0305517330581597,NA
"427",2023,"22_23","21","H","INITIAL","N_1110","01101754EA","B_2044","01/10/2022","01103FDAD8","B_2012","11/17/2021","06/08/2023",159,3,1,10.41,NA,NA
"428",2023,"22_23","22B","H","INITIAL","N_1111","01103FC7E3","B_1185","09/25/2018","0700EE3E88","B_733","11/07/2016","06/06/2023",157,6,3,12.68,0.151624795188836,NA
"429",2023,"22_23","22B-1","H","INITIAL","N_1112","01103FA02F","B_2246","01/27/2023","01103FBDFC","B_2166","07/15/2022","06/08/2023",159,3,2,13.055,0.0146241923339998,NA
"430",2023,"22_23","24-1","H","INITIAL","N_1113","01103F3CCD","B_1963","07/06/2021","0110174182","B_1400","09/25/2019","06/06/2023",157,5,NA,NA,NA,NA
"431",2023,"22_23","28","H","INITIAL","N_1114","0700EE3901","B_1663","11/27/2020","01103F978E","B_2307","07/10/2023","06/09/2023",160,6,6,12.095,0.0756097447964676,NA
"432",2023,"22_23","28-1C","H","INITIAL","N_1115","01101745B7","B_2034","01/06/2022","01103FC7DE","B_1310","07/01/2019","06/01/2023",152,9,5,12.934,0.0635344225424062,NA
"433",2023,"22_23","29-1","H","INITIAL","N_1116","0700EDCE13","B_2177","08/26/2022","0700EDFDF8","B_1517","06/27/2020","06/01/2023",152,7,6,12.08,0.0144903023092987,NA
"434",2023,"22_23","31-3","H","INITIAL","N_1117","011016DE19","B_1045","09/22/2017","3B0019295D","B_1202","12/26/2018","06/05/2023",156,7,7,13.04,0.110553639549699,NA
"435",2023,"22_23","33","H","INITIAL","N_1118","01103FA281","B_1033","09/15/2017","01101799DA","B_963","08/13/2017","06/01/2023",152,7,6,12.795,0.0608826056767678,NA
"436",2023,"22_23","33-2","H","INITIAL","N_1119","01103F9158","B_728","11/07/2016","0700EDDE9D","B_721","10/26/2016","06/10/2023",161,5,3,12.8233333333333,0.0813579477908615,NA
"437",2023,"22_23","33-5","H","INITIAL","N_1120","01103F709C","B_2046","01/10/2022","0700EDE882","B_1524","07/06/2020","06/02/2023",153,6,3,12.1133333333333,0.032188870711083,NA
"438",2023,"22_23","36","H","INITIAL","N_1121","","",NA,"","",NA,"06/16/2023",167,8,NA,NA,NA,NA
"439",2023,"22_23","41","H","INITIAL","N_1123","01103FA93A","B_2306","07/10/2023","01103FB693","B_2303","07/06/2023","06/09/2023",160,7,6,11.6333333333333,0.0534990092334952,NA
"440",2023,"22_23","43D","H","INITIAL","N_1124","","",NA,"","",NA,"06/07/2023",158,7,NA,NA,NA,NA
"441",2023,"22_23","2A","H","INITIAL","N_1125","01101745AA","B_2156","07/02/2022","011017112F","B_2160","07/03/2022","06/07/2023",158,4,3,12.71,0.0488375595683352,NA
"442",2023,"22_23","5A","H","INITIAL","N_1126","0700EDC024","B_738","11/09/2016","3B00193185","B_1590","09/21/2020","06/08/2023",159,9,NA,NA,NA,NA
"443",2023,"22_23","8A","H","INITIAL","N_1127","01103FDB3B","B_2230","01/23/2023","0110170D3C","B_2065","01/12/2022","06/06/2023",157,6,5,12.526,0.0451418430504082,NA
"444",2023,"22_23","11A","H","INITIAL","N_1128","011016C9A0","B_768","11/30/2016","01103F9ACC","B_1043","09/15/2017","06/04/2023",155,9,6,12.6,0.0426272493659978,NA
"445",2023,"22_23","13A","H","INITIAL","N_1129","01103F4090","B_1476","01/27/2020","01103FCEEE","B_2308","07/20/2023","07/01/2023",182,9,6,11.7333333333333,0.0650249276739949,NA
"446",2023,"22_23","B6","H","INITIAL","N_1130","0110174081","B_990","08/28/2017","01103F4AE2","B_1955","07/03/2021","06/12/2023",163,6,5,12.75,0.0687114332075891,NA
"447",2023,"22_23","B7","H","INITIAL","N_1131","011016D163","B_1396","09/25/2019","01101749B2","B_2074","01/17/2022","06/05/2023",156,5,NA,NA,NA,NA
"448",2023,"22_23","B9","H","INITIAL","N_1132","","",NA,"","",NA,"06/07/2023",158,6,NA,NA,NA,NA
"449",2023,"22_23","B18","H","INITIAL","N_1133","3B00187FBA","B_1598","09/30/2020","0700ED93D9","B_2026","01/06/2022","06/03/2023",154,8,5,12.214,0.0580018744620775,NA
"450",2023,"22_23","B21","H","INITIAL","N_1134","01103F6A2B","B_2305","07/09/2023","0700EE2C74","B_2212","09/26/2022","06/02/2023",153,7,4,11.9575,0.0397416248950387,NA
"451",2023,"22_23","B25","H","INITIAL","N_1135","","",NA,"","",NA,"06/02/2023",153,7,NA,NA,NA,NA
"452",2023,"22_23","B26","H","INITIAL","N_1136","0700EDD114","B_1477","01/27/2020","01103FCE3A","B_1164","06/24/2018","06/18/2023",169,6,6,12.5933333333333,0.0684886374970243,NA
"453",2023,"22_23","B29","H","INITIAL","N_1137","01103F8D7C","B_1480","01/27/2020","01103F8972","B_1960","07/05/2021","06/04/2023",155,8,7,12.0871428571429,0.0684728826390519,NA
"454",2023,"22_23","B30","H","INITIAL","N_1138","0700EDD9A4","B_1619","11/09/2020","01101732EC","B_2162","07/05/2022","06/06/2023",157,6,6,12.42,0.0367312165678913,NA
"455",2023,"22_23","B32","H","INITIAL","N_1139","0700EE0016","B_1824","01/26/2021","0700EDDF0E","B_2165","07/11/2022","06/19/2023",170,5,4,11.82,0.205576212785686,NA
"456",2023,"22_23","B33","H","INITIAL","N_1140","01103F37B8","B_1429","10/04/2019","01103FA646","B_2304","07/08/2023","06/09/2023",160,7,6,13.8166666666667,0.0542536313688731,NA
